﻿COMMENT_ID,AUTHOR,DATE,CONTENT,CLASS
LZQPQhLyRh80UYxNuaDWhIGQYNQ96IuCg-AYWqNPjpU,Julius NM,2013-11-07T06:20:48,"Huh, anyway check out this you[tube] account: kobyoshi02",1
LZQPQhLyRh_C2cTtd9MvFRJedxydaVW-2sNg5Diuo4A,adam riyati,2013-11-07T12:37:15,"Hey guys check out my new account and our first vid THIS IS US THE  MONKEYS!!! I'm the monkey in the white shirt,please leave a like comment  and please follow!!!!",1
LZQPQhLyRh9MSZYnf8djyk0gEF9BHDPYrrK-qCczIY8,Evgeny Murashkin,2013-11-08T17:34:21,just for test I have to say murdev.com,1
z13jhp0bxqncu512g22wvzkasxmvvzjaz04,ElNino Melendez,2013-11-09T08:28:43,me shaking my sexy ass on my account enjoy ^_^ ﻿,1
z13fwbwp1oujthgqj04chlngpvzmtt3r3dw,GsMega,2013-11-10T16:05:38,watch?v=vtaRGgvGtWQ   Check this out .﻿,1
LZQPQhLyRh9-wNRtlZDM90f1k0BrdVdJyN_YsaSwfxc,Jason Haddad,2013-11-26T02:55:11,"Hey, check out my new website!! This site is about kids stuff. kidsmediausa  . com",1
z13lfzdo5vmdi1cm123te5uz2mqig1brz04,ferleck ferles,2013-11-27T21:39:24,follow my account ﻿,1
z122wfnzgt30fhubn04cdn3xfx2mxzngsl40k,Bob Kanowski,2013-11-28T12:33:27,i turned it on mute as soon is i came on i just wanted to check the  views...﻿,0
z13ttt1jcraqexk2o234ghbgzxymz1zzi04,Cony,2013-11-28T16:01:47,You should check my account for Funny postS!!﻿,1
z12avveb4xqiirsix04chxviiljryduwxg0,BeBe Burkey,2013-11-28T16:30:13,and u should.d check my account and tell me what I should do next!﻿,1
z13auhww3oufjn1qo04ci3grqqjmfjexxuo0k,Huckyduck,2013-11-28T17:06:17,Hey follow me﻿,1
z13xit5agm2zyh4f523rst2gowmbx5bml,Lone Twistt,2013-11-28T17:34:55, Once you have started reading do not stop. If you do not follow me  within one day you and you're entire family will die so if you want to stay  alive follow right now.﻿,1
z13pejoiuozwxtdu323dspopnri4xts0f,Archie Lewis,2013-11-28T17:54:39,https://twitter.com/GBphotographyGB﻿,1
z121zxaxsq25z5k5o04ch1o5jqqfij3gtm40k,TheUploadaddict,2013-11-28T18:12:12,follow like comment﻿,1
z12oglnpoq3gjh4om04cfdlbgp2uepyytpw0k,Francisco Nora,2013-11-28T19:52:35,please like :D https://premium.easypromosapp.com/voteme/19924/616375350﻿,1
z13phrmwrkfisn5er22eyrbpbvaiwfvwf04,Gaming and Stuff PRO,2013-11-28T21:14:13,"Hello! Do you like gaming, art posts, scientific experiments, tutorials,  lyrics posts, and much, much more of that? If you do please check out our  account and follow it, we've just started, but soon we hope we will  be able to cover all of our expectations... You can also check out what  we've got so far!﻿",1
z13bgdvyluihfv11i22rgxwhuvabzz1os04,Zielimeek21,2013-11-28T21:49:00,I'm only checking the views﻿,0
z13vxpnoxsyeuv2jr04cctprprb1slnxdf4,OutrightIgnite,2013-11-28T21:55:02,http://www.ebay.com/itm/171183229277?ssPageName=STRK:MESELX:IT&amp;_trksid=p3984.m1555.l2649 ﻿,1
z12qth5j0ob1fx3q404chvy4fz32tbkpllk0k,Tony K Frazier,2013-11-28T23:57:13,http://ubuntuone.com/40beUutVu2ZKxK4uTgPZ8K﻿,1
z13etj0bclzfztuwc04cgfvrgmf3fvjor1g,Jose Renteria,2013-11-29T00:22:01,"We are an EDM apparel company dedicated to bringing you music inspired  designs. Our clothing is perfect for any rave or music festival. We have  NEON crop tops, tank tops, t-shirts, v-necks and accessories! follow us on  Facebook or on instagraml for free giveaways news and more!! visit our site  at OnCueApparel﻿",1
z12axnji5w2axxht522thb3bktvqjdlbp04,zhichao wang,2013-11-29T02:13:56,i think about 100 millions of the views come from people who only wanted to  check the views﻿,0
z13ozdmr4lf3uzc5z04cix2zkyjzgvcyemw0k,Carlos Thegamer,2013-12-01T01:20:21,follow my account people :D﻿,1
z12ohdxjtsatvppjb04cctprprb1slnxdf4,OutrightIgnite,2013-12-01T03:30:55,Show your AUBURN PRIDE HERE: http://www.teespring.com/tigermeathoodie﻿,1
z12ntlcqht2bvjewi04cf1up0xjvs5lq3mc0k,Owen Lai,2013-12-01T04:51:52,just checking the views﻿,0
LZQPQhLyRh9EXArr4ZnVcDonSbvSMHKYOT24e_qR6fE,||GuitarZ||,2013-12-23T12:54:38,CHECK OUT MY account,1
LZQPQhLyRh9y57URF7qpZRk3MVAJNLNhhZga_5YWBU8,Living4Techno,2013-12-25T19:46:26,marketglory . com/strategygame/andrijamatf earn real money from game,1
LZQPQhLyRh9vw01Xvvw5yWzZEUOPG1hSgRMHep55-Yw,8-BitMusic,2013-12-27T23:07:50,Hey guys! Im a 12 yr old music producer. I make chiptunes and 8bit music.  It would be wonderful if you checked out some of my 8bit remixes! I even  have a gangnamstyle 8bit remix if you would like to check that out ;)  Thanks!!,1
z13kszcinpnvc34v2234fnpxkpmlw3nhc04,Kyle Jaber,2014-01-19T00:21:29,Check me out! I'm kyle. I rap so yeah ﻿,1
z13tj514otzlurfbc04ccjwhrnmej1iihqw0k,Brandon Pryor,2014-01-19T00:36:25,I dont even watch it anymore i just come here to check on 2 Billion or not﻿,0
z13zvh1rmk3cf3mby04civbq5mjtddmbysk0k,Fun&amp;Hacks,2014-01-19T00:42:35,"follow me for free Android games, apps.. ﻿",1
z120y3ribybzdf3fj23sf1rpgq3cex0sh,Young Hittaz,2014-01-19T04:21:11,everyone please come check our newest song in memories of Martin Luther  King Jr.﻿,1
z13autsqgzblcx3w104chr4r2kexd10rxc0,DropShotSk8r,2014-01-19T04:27:18,"Came here to check the views, goodbye.﻿",0
z12wvpxppxz3ifk3j224cbsgqraherzrg04,ElepticRage,2014-01-19T08:55:53,sub my account for no reason -_-﻿,1
z121e3zq5kj3ip2ch22ks3vwekuaibrgc04,Joengz,2014-01-19T10:31:10,"Check out my dubstep song ""Fireball"", made with Fruity Loops. I really took  time in it.  /watch?v=telOA6RIO8o﻿",1
z13kxpqqssa0hlryd04cc1dxeyyngljjngk,Tasha Lucius,2014-01-19T13:25:56,2 billion....Coming soon﻿,0
z13iuzxwamqhzppyp04cdz1amyzpfdnpdns0k,Jason Provencal,2014-01-19T16:15:54,Why dafuq is a Korean song so big in the USA. Does that mean we support  Koreans? Last time I checked they wanted to bomb us. ﻿,0
z12txle43yfhvt0f323eghbxivmuytieq,Kiddy Kidso,2014-01-19T16:49:52,Check my account please! And listen to the best music ever :P﻿,1
z13zj1grjzqhhxzlj23gdpzaovunwnn0f,HamzaMurt | Advanced Warefare | Lets Play!,2014-01-19T17:20:58,SUB 4 SUB PLEASE LIKE THIS COMMENT I WANT A SUCCESFULL Instagram SO PPLEASE LIKE THIS  COMMENT AND follow IT ONLY TAKES 10 SECONDS PLEASE IF YOU follow ILL  follow BACK THANKS﻿,1
z13csdop4venytrru04cf11q1wmbdvkrfpo0k,ii Trollercopter,2014-01-19T17:25:23," Hey everyone!! I have just started my first YT account i would be grateful  if some of you peoples could check out my first clip in BF4! and give me  some advice on how my post was and how i could improve it. ALSO be sure to  go check out the about to see what Im all about. Thanks for your time :) .  and to haters... You Hate, I WIN﻿",1
z13ce52jzwfitrkup23din4ojputijen3,Eugene Kalinin,2014-01-19T19:21:04,"The projects After Effects, Music, Foto, Web sites and another you can find  and buy here  http://audiojungle.net/user/EugeneKalinin/portfolio?ref=EugeneKalinin﻿",1
z13phfyxhovav1hl122bf5iidumufzbel,Cody Tolleson,2014-01-20T02:50:44,Instagram/codytolleson for awesome posts I'll follow back ﻿,1
z13xytyybsypw34yv04cc33xkke1grugh2w,cake cat,2014-01-20T04:45:34,if you like roblox minecraft world of warcraft gta5 mario suscribe to my  account﻿,1
z13vsbcjwrybe3hsf23sgvnxfr3zxnion04,World327RS,2014-01-20T06:16:28,follow ME AND I'LL follow YOU! (Must like - cZFcxsn0jnQ) ﻿,1
z12jvnua2tifirkvk23cfjtpxwmgxfch004,Didier Drogba,2014-01-20T06:57:25,http://www.twitch.tv/jaroadc come follow and watch my stream!﻿,1
z13stv3brxe1snv2i225fnvganneudej004,MFkin PRXPHETZ,2014-01-20T09:08:39,"if you like raw talent, raw lyrics, straight real hip hop Everyone check my newest sound  Dizzy X - Got the Juice (Prod by. Drugs the Model Citizen)   COMMENT TELL ME WHAT YOU THINK  DONT BE LAZY!!!!  - 1/7 Prophetz﻿",1
z12ktfsarrv0wdj3p22ifbxz3zn2fthhw04,Dave X,2014-01-20T10:12:07,....follow......  ......to my........  .....account.......﻿,1
z121znjjloycwtjf2233dfo5esfggn3lj,crestpee,2014-01-20T13:03:12,"now its 1,884,034,783 views! pls. comment the view count the next hour :P﻿",0
z125zbmwryjwxzx4504cfjzwbtztuvkif3c,Leonardo Baptista,2014-01-20T15:10:27,http://www.avaaz.org/po/petition/Instagram_Corporation_Fox_Broadcasting_Company_Anular_os_strikes_no_Canal_Nostalgia/?cXPZpgb ﻿,1
z12stpyqaonsercxw04cjbr4dlnrxd34soo0k,Phuc Ly,2014-01-20T15:27:47,go here to check the views :3﻿,0
z13nvr2xayrwffsio04cj3zwyuf3vb1imdg,Milan George,2014-01-20T16:15:09,thumbs up if u checked this post to see hw views it got﻿,0
z13uzhdomzvbffvwa04cgplq2zewfz2hm2k,Kirsty Brown,2014-01-20T16:41:27,Plz follow my account and I will follow back xx﻿,1
z13ucxa51rnftvu2j22if5oihq2qipjlp,Kochos,2014-01-20T17:08:37,i check back often to help reach 2x10^9 views and I avoid watching Baby﻿,0
z120grixiomvyvbga04cfl24csz5jf4zzuc0k,eSkiip,2014-01-20T17:22:53,This post will get to 2 billion just because of people checking if it has  hit 2 billion yet.﻿,0
z13gevgohyzktbztz22mcrcpntfxvpvan04,Wumrogue lite,2014-01-20T17:29:52,https://www.facebook.com/pages/Brew-Crew-2014/134470083389909 Like this  facebook-page! Chance to win an Iphone 5S!﻿,1
z12gy5tb2kase1nix04cipry3mf1wh5grko0k,Ruddy Tapia,2014-01-20T17:58:46,get GWAR to play 2015 superbowl  http://www.change.org/petitions/the-national-football-league-allow-gwar-to-perform-the-2015-super-bowl-halftime-show#share ﻿,1
z13hxl3yoqmlvdlnu23atlqgsoyevlsse,Artsi,2014-01-20T18:52:12,Pls follow this account!! http://www.twitch.tv/sevadus﻿,1
z12gv5qoconqsbe0h221wljgmwe4v1nmu,ProsGamerOnly,2014-01-20T20:00:55,hi guys check my Instagram account﻿,1
z13eepr4dyjet34pt04cgr1rctvwsvqwqso0k,JP Jochem,2014-01-20T20:23:35,follow and like to me for more how to posts on minecraft!﻿,1
z121st5w5k3ui1veg22zirn4gkr5tby2v,Jdidk Loma,2014-01-20T20:35:56,http://tankionline.com#friend=cd92db3f4 great game check it out!﻿,1
z13osnp4hnzry1o15224yfzbotr0epxqk04,BaconBro HD,2014-01-20T21:11:52,follow ME!﻿,1
z12rgllzmwnfuba4h04ch3njgy2fg3ryerg0k,Eanna Cusack,2014-01-20T22:20:59,Im just to check how much views it has﻿,0
z12rc1ebfvrmufz5w04ccl2pmt3ih5dymq40k,fastestghost,2014-01-21T02:09:22,The first comment is chuck norrus ovbiously :D﻿,0
z13mcpkzpoz1hj3o304cfd3oouf2tj1rnk40k,StuntmanGaming,2014-01-21T02:29:43,Behold the most viewed Instagram post in the history of ever﻿,0
z121cnnzhsybzjkt122nsviacsekvvt1r,Master Chief,2014-01-21T03:16:46,when is this gonna hit 2 billion?﻿,0
z125gx4g5wemgtyvr23ryvlrbxjvwl2mi,David Bell,2014-01-21T03:18:31,the most viewed Instagram post of all time?﻿,0
z12lzbu4iymmvjgj004cdjaonunljbjwwo00k,virgie natividad,2014-01-21T07:33:30,"969,210 dislikes like dislike themselves﻿",0
z13kvvkixzvadn5ii04chnnbsvn3w1pq5dk,asd ad,2014-01-21T08:22:06,psy=korean﻿,0
z13zz3cjwmztcni0p23ug3vb0pasfvzqc04,Dymetex,2014-01-21T09:03:36,"OMG this oldspice spraytan party commercial omg....i'm sitting here ""NO  this isn't a real thing is it? OMG"" ﻿",0
z12ifxrbkmaechwtt22jwryqmoaefhipf04,MrTuizentfloot,2014-01-21T13:39:13,"This is the only post on Instagram that get so much views just because we  want to see how much views it has. 1.000.000 every day, I mean, Most people  think a post is popular when it actually gets 1.000.000 views.﻿",0
LZQPQhLyRh_hbykd_Xw4oDROJbJTFrs-UbSB2xk8gRk,OREOGAM3R,2014-01-25T19:36:25,It's been back for quite a while now.,0
LZQPQhLyRh9U7Lv_DKpJ7lawpBCotxfgHzBy93Tk028,LEONARDO CAETANO,2014-01-27T19:36:00,2 Billions in 2014,0
z12eexphzo2uslizg04cirmywyzjdnm5gqc0k,fab life,2014-11-02T00:48:57,plz check out fablife / welcome to fablife for diys and challenges so plz  follow thx!﻿,1
z124fn5ahqnfdbxtg23ihlijyqjqtr1lk,Oh 1080s,2014-11-02T01:08:10,Sub my account!﻿,1
z12lubwrvv35zpzub23ywxbbiuawjbalc,Ariel Baptista,2014-11-02T05:06:46,http://www.ebay.com/itm/131338190916?ssPageName=STRK:MESELX:IT&amp;_trksid=p3984.m1555.l2649 ﻿,1
z13osfxhtkfmwpxue234z3wimzmcs1k2x,Stefano Albanese,2014-11-02T12:04:36,http://www.guardalo.org/best-of-funny-cats-gatti-pazzi-e-divertenti-2013-5287/100000415527985/ ﻿,1
z12tcdxa5k3bsvtqh04ccnaqusj1vvfju3s,Salim Tayara,2014-11-02T14:33:30,"if your like drones, plz follow Kamal Tayara. He takes posts with  his drone that are absolutely beautiful.﻿",1
z13gsp34uumcdje4q04civk54zr4wr0gxjc,Lucky D.,2014-11-02T14:53:06,http://hackfbaccountlive.com/?ref=4604617﻿,1
z123e1gg3zyuf30ox04cdtbzgmaby3ehjc0,Lucas Trigo,2014-11-02T15:52:22,"WHATS UP EVERYONE!? :-) I Trying To Showcase My Talent To The World! I Have Over 3000 followRS! I PROMISE! I Dont Suck! Please Spread My Covers Around, follow &amp; Share! Thanks so much for all your support! Lucas Trigo -Stay Awesome! ﻿",1
z13ezz5zsz3pyhyip04cibtpwwbdejzrmlk0k,TheHariiiii,2014-11-02T16:17:11,-----&gt;&gt;&gt;&gt;  https://www.facebook.com/post.php?v=10200253113705769&amp;set=vb.201470069872822&amp;type=3&amp;permPage=1  &lt;--------﻿,1
z12ywjvgdtrhxdlz504cd1tquqvuhbs4abw,Angel,2014-11-02T17:27:09,"Hi there~I'm group leader of Angel, a rookie Korean pop group. We have four  members, Chanicka, Julie, Stephanie, and myself, Leah. Please feel free to  check out our account and leave some feedback on our cover posts (:  criticism is welcome as we know we're not top notch singers so please come  leave some constructive feedback on our posts; we appreciate any chance to  improve before auditioning for a Korean management company. We plan on  auditioning for JYP, BigHit, Jellyfish, YG or SM. Thank you for taking time  out of your day to read this !﻿",1
z122f1fy5muwdxdxd04cexyxes3hh5hrifc,Squir3,2014-11-02T18:34:03,http://woobox.com/33gxrf/brt0u5 FREE CS GO!!!!﻿,1
z12jud4o3n34v5wph04ce3db0y2njn55gog0k,Kaya Roberts,2014-11-02T20:00:37,Admit it you just came here to check the number of viewers ﻿,0
z12xxjkwevvjzvvms22xz3sjqovty3qip04,Prim N.,2014-11-02T22:48:21,"Just coming to check if people are still viewing this post. And  apparently, they still do.﻿",0
z13ydfww3ruysvtmv23muhspwqqjszwjc04,James Ridge,2014-11-02T23:25:44,Check my first post out﻿,1
z13vs53zipmszf1ib04cerd5xlmzdz5qlzw0k,Minecraft-Viasat,2014-11-03T14:38:53,Check my account﻿,1
z13wzt5yezvhsboz104cjlkqalz0fpcglmk0k,Alessio Siri,2014-11-03T16:43:36,PSY - GANGNAM STYLE (강남스타일) M/V: http://youtu.be/9bZkp7q19f0﻿,0
z135fnx4ntvdx1rzn04cih1ihmqtsrbzcno0k,Backup Plus,2014-11-03T17:39:07,Suscribe My account Please XD lol﻿,1
z13dztbi0nnvdruas04cjrmjwrnvvd4jxjw,Almighty Toffeebomb,2014-11-03T19:09:40,Wow. Comments section on this still active. Not bad. Also 5277478 comments.  (Now 79)﻿,0
z13hgfzhnrj3sx0m222sfbo4drq1e5xyp04,Meth Lover,2014-11-03T20:32:26,http://binbox.io/1FIRo#123﻿,1
z12pzpvbfl2igbwhe04cihtpuwymvr5gvsg0k,NstyIC Gold,2014-11-03T20:41:23,Ching Ching ling long ding ring yaaaaaa Ganga sty FUCK YOU.﻿,0
z12wvpdwfzzkfrerq04civhigpqrcxmxjzc0k,Никита Безухов,2014-11-03T21:38:17,https://www.indiegogo.com/projects/cleaning-the-pan--2    please halp me  with my project﻿,1
z13tdv5jmlfpzj1rf04cd3ng4ljqjngxflg0k,Михаил Панкратов,2014-11-03T22:22:14,There is one post on my account about my brother...﻿,1
z12ufn5puwnve3b2k22ntjqogym0fllgb04,Angek95,2014-11-03T22:28:56,"Check my account, please!﻿",1
z13xslra3myri3jsn22hs1wxbyuvxplr004,Arianna Leighton,2014-11-03T23:02:47,"Does anyone here use gift cards like Amazon, itunes, psn, google play,  itunes, or any other gift cards? Then you'll be happy to know you can get  free gift card codes for free from an amazing site. Here is a $50 itunes  gift card code XXBB5TCZHM39HVZD﻿",1
z132v5iajkjuhfkyn04cg3mxclnnzj0yxmo0k,richardex8,2014-11-03T23:03:03,Why does this post have so many views? Because asian things are awesome and non-asian countries are jelly so they  try to learn from asia by looking at this post d:﻿,0
z12mtx5hxnutsxzfn23tsljjrm2mwxtwm04,Олег Пась,2014-11-03T23:29:00,Plizz withing my account ﻿,1
z121ft552pzpzhiab04cffmwitfii3lr5v40k,Crooked Gaming,2014-11-04T00:00:57,I made a gaming account (Unique right?) :L Angry Minecraft!﻿,1
z135jnejqyylxvxc323tifugxr3idl1oq04,Monwar Sarkar,2014-11-04T00:18:07,Please help me go here http://www.gofundme.com/littlebrother﻿,1
z13zfpqpvpyvwfymk232ux4odsr1s5wm0,Jack ToadROXMK,2014-11-04T02:00:14,Anybody who follows to me will get 10 followrs﻿,1
z13sx1mitrmpcls3f22hi5ep1yq5cvmld,roflcopter2110,2014-11-04T02:22:06,http://thepiratebay.se/torrent/6381501/Timothy_Sykes_Collection﻿,1
z13juvrhisuzsfczo04cgnsxhlfdiz2rhho,Imprezzi Vidzz,2014-11-04T03:12:23,"My posts are half way decent, check them out if you want.﻿",1
z130gviqarmshdnau04cdzigvs3jepx4qw00k,khir abqari,2014-11-04T07:37:28,"they said this post are not deserve 2billion views , while they keep  visiting it to watch the viewer . ﻿",0
z12zdj5ptyzpurkan04chtsqjszjxfmrk2w,Gloria Garcia,2014-11-04T11:38:51,follow itz recaps and above diddle﻿,1
z12li5throi5u540y220chro4nn5gl52k,xSparkShark,2014-11-04T12:40:15,Screw this Chinese crap i dont even understand what he is saying. Why isn't  he speaking English like everyone should?﻿,0
z13dsnfaozyyil4m322jijgx5m3aehem2,Emerson Zanol Zanol,2014-11-04T13:48:04,need money?Enjoy https://www.tsu.co/emerson_zanol﻿,1
z13tczojhrqbjhv2c23kfby5wpysgpopa04,Lars Zaadstra,2014-11-04T13:54:25,Sub to my account visuelgamingzNL I sub back﻿,1
z13qgx0yzwf1uj1xm04ccbkhjnrsgz0i41g,firo mota,2014-11-04T14:38:42,please follow i am a new Instagramr and need help please follow and i  will follow back :D hoppa HOPPA GaNgAm StYlE﻿,1
z13qgviizlv1d1c1422lylyahqz2h1zm5,Connor Groom,2014-11-04T18:00:07,sub me if you dont like the song﻿,1
z13sgnbzkwjqhhd5004cfzaheobvzbuopyg0k,Kaiser Dragon,2014-11-04T18:09:18,This is a weird post.﻿,0
z13etzhwwvzye1oav04cehnitxf5cx2xkts0k,Monster Sifou,2014-11-04T18:30:39,8 million likes xD even the followrs not 8 million xD﻿,0
z123jlf4lzjbgpbcr23yhxyqbpe3gxpvm,TIGERIO_,2014-11-04T19:46:38,EHI GUYS CAN YOU follow IN MY account? I AM A NEW InstagramR AND I PLAY  MINECRAFT THANKS GUYS!... follow!﻿,1
z13kfzqicymszt0jp04ci5gqvqemyb2jsp00k,OFFICIAL LEXIS,2014-11-04T20:22:21,Hi everyone! Do you like music? Then why not check out my music account.  The LEXIS band will be uploading their own songs and covers soon so don't  miss out. Please followo as it does help us out a lot. Just takes one  click. -&gt;﻿,1
z12ftpab5svihfffz23kf3iiymiwjzesi,trespasser4000,2014-11-04T22:07:22,This song never gets old love it.﻿,0
z13oyfkydl30exyip04cejozdtahgvx44ao,Pat M,2014-11-05T00:21:29,gofundme.com/grwmps﻿,1
z13cyzbbqsrxyfaec23xc10rdrrqgd0ch,Malin Linford,2014-11-05T01:13:43,"Hey guys please check out my new Google+ page it has many funny pictures,  FunnyTortsPics  https://plus.google.com/112720997191206369631/post﻿",1
z13jsrtahyyqv53jc04cdr4bcwfwg3lauek,kenny clayton,2014-11-05T06:34:19,#2012bitches﻿,0
z135f3rwwnjafnnrv04cirmifl3lipewgl40k,Akymonix,2014-11-05T07:01:34,Made in china....﻿,0
z13lip25arigch3rj04cf1ko0pnczzyrtng0k,Gaming Land,2014-11-05T07:48:10,5 milions comentars and 2 bilion views﻿,0
z13mzp44ul21sdqcj22sgriokxyuy5det,tom hawksbee,2014-11-05T07:49:21,It is 0 zero﻿,0
z12rsjsiimjkjfkwt04ccbgosvrbgxupxu00k,Norman Reid,2014-11-05T08:12:06,Mix - PSY - GANGNAM STYLE (강남스타일) M/V: PSY - GANGNAM STYLE (강남스타일) M/V﻿,0
z13wfr2rbwytwbhf123cs1l5lz2aefdex,Emily Hamilton,2014-11-05T08:42:06,This has had over 2 billion views.  Holy shit.﻿,0
z13vx3kbgmq5fnlgj04cfdoqtpfyw5xqzuc0k,rolle54100,2014-11-05T10:43:27,"how can there be 2.124.821.694 views, when im the only person alive after  the zombie apocalypse - greetings, spoderman :)﻿",0
z135vx5jfu2mfvwvr22cj11wupbtfr1gz04,MrBrunoExtreme,2014-11-05T15:10:43,Suscribe my account please﻿,1
z13pdjsgqkjjtnlqz04cgtxafxqtylmixxg0k,xMasterGGx,2014-11-05T15:25:34,"2,124923004 wiews... wow﻿",0
z12jc1uququpzbsoq04cg15poyfsxpvoojw,pro stomper,2014-11-05T15:27:34,guys please follow me to help my account grow please guys﻿,1
z124i3ygclj0xn4ly22jzb5a2ubvtbev1,Abdinasir Omar,2014-11-05T15:28:28,Great music anyway﻿,0
z12kuncrps35wp1l0220s3t4ym32dtpin04,Aleksaivan Neidert,2014-11-05T15:35:49,PSY - GANGNAM STYLE (강남스타일) M/V: http://youtu.be/9bZkp7q19f0﻿,0
z123gnabnwbqtr1e022jejij0zzzez2os04,Luat ha hpuoc,2014-11-05T15:38:10,"so crazy, over 2 billion views, not US, not Uk, its Korea republic, its  asia﻿",0
z121jvbjakmbehsys04ce5yj1y3hxx0hzsk0k,abdellah chafouai,2014-11-05T16:12:51,Discover a beautiful song of A young Moroccan     http://www.linkbucks.com/AcN2g﻿,1
z13xhp2xmkeowtbyo04cffggylf3yjjpsns0k,Brotha B,2014-11-05T16:18:58,"Like getting Gift cards..but hate spending the cash.... Try Juno Wallet !!! At Juno Wallet you can earn money for gift cards such as ; Nike, Gamestop,  Amazon , Ebay Etc &amp; its easy  Earn money by doing simple task like watching posts..downloading apps &amp;  you can even earn money by inviting your friends to join...its free for  signup Sign up today &amp; use promo code BD3721315﻿",1
z12dzlpo0ueie1go404cfjjwsxf1g1lrtdo,Amir effect,2014-11-05T17:18:14,Can somebody wake me up when we get to 3 billion views.﻿,0
z12jxvuzgxusjl1jw04ccxshdwyfx1pjzfk,lakis constantinou,2014-11-05T18:02:31,PSY GOT LOTS  OF MONEY FROM Instagram THAT HE GOT FROM 2 BILLION VIEWS THIS  IS THE MOST VIEWS IN THE WORLD :D﻿,0
z13dgdl4hyirg3gcd23pw3nw0zrsebpqb04,just a filthy kafir,2014-11-05T18:05:17,Justin bieber = gay ﻿,0
z13gypjrmumhxromj23jyjhhenvdgpuxh04,HarveyIsTheBoss,2014-11-05T18:16:55,You gotta say its funny. well not 2 billion worth funny but still. It  clicked and everything went uphill. At least you don't have JB's shit on  #1.﻿,0
z12wilyi3mzzjlzkw225hrzrxvb4tjgln,M7AMDksa,2014-11-05T19:51:38,❤️ ❤️ ❤️ ❤️ ❤️❤️❤️❤️﻿,0
z12uw5z5roiqel3ds22iifbhbmnijn1qz04,Noah François,2014-11-05T20:15:09,"Ahhh, 2 years ago....﻿",0
z12wsx5amr3ahbgl122mc5qr5v23vnist,Neely Nesley,2014-11-05T20:19:26,"Dance dance,,,,,Psy  http://www.reverbnation.com/msmarilynmiles﻿",1
z122f10gdvathpo2222pshcxxpjliddjv04,BmwManDexter,2014-11-05T20:33:15,"check out ""starlitnightsky"" account to see epic posts﻿",1
z13ghjrh5vqbetiw104chhdrlsv0szfqbxk0k,KodysMan Dunt Know,2014-11-05T21:10:09,https://www.tsu.co/KodysMan plz ^^﻿,1
z13nwn54ukukyhdfb223vttqnu31hvf4k04,nachopinca3901,2014-11-05T21:14:36,Stupid people... this post doesnt have 2 billion visits. Have 2 thousands  millions﻿,0
z12kcx2ahwmpupnw004cdt3rwqfes3xgbns0k,Mehmet Demirel,2014-11-05T21:25:27,http://www.gcmforex.com/partners/aw.aspx?Task=JoinT2&amp;AffiliateID=9107﻿,1
z12udxjwpwurtlwz304ccbrhdtusth4herk0k,PacKmaN,2014-11-05T21:56:39,check men out i put allot of effort into my music but unfortunatly not many  watch it﻿,1
z13ky1cgzpjpvdpp004chhebvqnkhnpjmzo0k,Alessandro leite,2014-11-05T22:21:36,pls http://www10.vakinha.com.br/VaquinhaE.aspx?e=313327 help me get vip gun  cross fire al﻿,1
z121cngqep23db2o404cjf4zvsf2cjerdaw,TLouX music,2014-11-05T22:41:42,Add me here...https://www.facebook.com/TLouXmusic﻿,1
z13osluqrpefv1hd323idhejzxanc3ai004,Tyrek Sings,2014-11-05T22:50:02,CHECK MY account OUT PLEASE. I DO SINGING COVERS﻿,1
z12ehhxzutqbsjrpq04ccjlqhrv5y3dzkn40k,NursePoison,2014-11-06T01:12:14,I think this is now a place to promote accounts in the comment section lol.﻿,0
z12bv5zxvpryjjspn04cdfwz5lrtzjhooqw0k,Peter Johnson,2014-11-06T01:44:12,Get free gift cards and pay pal money!﻿,1
z12zstfhixudundzf04cjbsp0rjrzh1rw3k,MiningBip3,2014-11-06T02:22:00,Check out pivot animations in my account﻿,1
z13zxdkalk3ryvxr004cj1vabkn2dvcyusg0k,Ju`Wan Wright,2014-11-06T02:39:07,Follow me on twitter &amp; IG : __killuminati94﻿,1
z12zjztrvlnafvk2n230wjmztyfxxpbk2,CronicleFPS,2014-11-06T03:10:26,Check me out I'm all about gaming ﻿,1
z12mzferzsanzhld022fhhdarrusivwkq,marye,2014-11-06T04:42:33,Oppa! Yeah! Best Song!﻿,0
z13cydjppmiostv1l22dtzd5xnbjebax004,Giang Nguyen,2014-11-06T04:54:22,More... http://www.sunfrogshirts.com/Sunglass-World.html?24398﻿,1
z13hubqrnwquen2gu04cdbbx4rqgxxcwvo00k,Giang Nguyen,2014-11-06T04:55:41,https://www.facebook.com/teeLaLaLa﻿,1
z13xsxxqlxnzz3d3g22wfjx5lsrjgpaic04,MasterRobotTV,2014-11-06T05:40:43,http://www.twitch.tv/zxlightsoutxz﻿,1
z13zjbvbeszjcvdsx22ww5cgcrydzlf5u04,ROB YSF,2014-11-06T09:15:12,reminds me of this song https://soundcloud.com/popaegis/wrenn-almond-eyes﻿,1
z12yinh5ks2oinqzn04cctkgvvrohbrazvo0k,Rancy Gaming,2014-11-06T09:41:07,What free gift cards? Go here  http://www.swagbucks.com/p/register?rb=13017194﻿,1
z13mtrjqsqzliho5w04cex3zmoqfvnpgyys0k,FatPocketsTv,2014-11-06T09:49:14,"Search ""Chubbz Dinero - Ready Or Not "" Thanks ﻿",1
z12lg1vizrmsgxm3q23oij4aqrjxjdd1p,Holly,2014-11-06T13:41:30,Follow me on Twitter @mscalifornia95﻿,1
z13zhhualofpyz22z22pydei0oeyt5abc04,unknown,2014-11-06T14:50:18,😫😓😏😪😔😖😌😭😎😚😘😙😗😋😝😜😛😍😒😞😷😶😵😳😲😱😟😰😩😨😧😦😥😤😣😮😴😢😡😠😬😕😑😐😯😉😈😇😆😅😄😃😂😁😀😊☺  every single types of face on earth﻿,0
z12sil2ziqneyjxpx04cehcgcsmmcr1a3ew,"thevlogmasters Vlog, Challenges en nog veel meer!",2014-11-06T15:28:54,▬▬▬▬▬▬▬▬▬▬ஜ۩۞۩ஜ▬▬▬▬▬▬▬▬ ＤＡＭＮ ＴＨＩＳ ＣＯＭＭＥＮＴ ＩＳ ＦＡＮＣY ▬▬▬▬▬▬▬▬▬▬ஜ۩۞۩ஜ▬▬▬▬▬▬▬▬﻿,0
z12scr5ixnexwh2xa04civ3o3k25dr3wkfw,Freddie Barton,2014-11-06T15:31:35,CHECK MY account FOR MY NEW SONG 'STATIC'!! YOU'LL LOVE IT!!﻿,1
z13actcqdm31slqqu04cctub4n2nw1swwy00k,Sean Ortiz,2014-11-06T16:48:02,Incmedia.org where the truth meets you.﻿,1
z13dvrmxorf0cnj0423rsfcjlxevgjwll,ZodexHD,2014-11-06T17:50:59,look at my account i make minecraft pe lets play ﻿,1
z12oep2i2ybiyn0sy23tc1uptrmkhxbse,Andr3wco7,2014-11-06T17:59:30,I found out this song now﻿,0
z13huxgx5rikd13v422khjnjusyvzxx4c04,michelle clough,2014-11-06T18:00:04,2 BILLION!!!﻿,0
z12qzzbpbzn4c5zwu04cir5gmzfozhy4cjk,lebanonwarior1,2014-11-06T18:07:21,Song name??﻿,0
z13mebgjooulgzdkt23kzvlqjyrzx32n0,amine moha,2014-11-06T18:11:37,please like : http://www.bubblews.com/news/9277547-peace-and-brotherhood﻿,1
z12tzt2pluixhpbs4221xveiiqafd3epw04,PacKmaN,2014-11-06T18:23:21,hey again if you guys wouldnt mind chacking out my rap give it like and il  giver 3 of your vids a like﻿,1
z13udh04hqjeyney404cgloh0vbegbmgvq40k,fad lad,2014-11-06T18:24:19,http://www.amazon.co.uk/gp/offer-listing/B00ECVF93G/sr=8-2/qid=1415297812/ref=olp_tab_refurbished?ie=UTF8&amp;condition=refurbished&amp;qid=1415297812&amp;sr=8-2 ﻿,1
z13dtz1zzkagdromt230g5cqfsejstr3p,Digital Media Butterfly,2014-11-06T18:55:14,"The most watched post on Instagram is Psy’s “Gangnam Style”, with 2.1  billion views. PSY - GANGNAM STYLE (강남스타일) M/V﻿",0
z12ox3a5vviky5ctq22nz1ewpo24wxyis04,JackTheLad,2014-11-06T19:00:11,follow me and I'll follow back!!!﻿,1
z13zy52aayqxsx5nr23curipvrretdy35,JoelR Ch,2014-11-06T19:28:25,http://flipagram.com/f/LUkA1QMrhF﻿,1
z12sitjpgyy3f5j2322iy1figqa4vnyja04,OverSpace33,2014-11-06T19:40:59,For Christmas Song visit my account! ;)﻿,1
z12nejhigtr0tdvy504cgfcrhzvycxzin0k,Detroit Red Wings,2014-11-06T20:55:09,http://www.gofundme.com/gvr7xg﻿,1
z13chfswltzzyhys1234dvkb3r2ien0ld,DirtySouthFlorida3,2014-11-06T22:00:58,follow me i follow back!!!! Plus i have a nice ass lol﻿,1
z12tul0onm20hffur22qxhs5mvijddfj404,David Boček,2014-11-06T22:40:49,https://www.change.org/p/facebook-twitter-Instagram-do-not-censor-julien-blanc ﻿,1
z121hjrymmf2jh4rf04cjrybiyfotjmof1g,Jackal James,2014-11-06T22:53:08,https://soundcloud.com/jackal-and-james/wrap-up-the-night﻿,1
z120wncjevujt1aju04cff4b1yfcvhrbpis,Goran Theboss,2014-11-06T23:16:52,https://www.surveymonkey.com/s/CVHMKLT﻿,1
z124y1czouyechz4j04citox1mn1wz5pmos0k,YoungBrothersRecords,2014-11-06T23:22:32,Please give us a chance and check out the new music post on our account!  You won't be disappointed.﻿,1
z12yu11xyumitzpho04cix1y3zn3ijrpcm40k,Chinsoman Films,2014-11-07T01:22:02,Please follow me﻿,1
z13hfnup3tmvxhqfx22yvx4qnwj2gjj2a,Moymoy Palaboy,2014-11-07T01:24:27,"This is the best, funny and viral post of history (Instagram) THE TRUE﻿",0
z13neh044nq2wn0o404citkh2taufzqxuz40k,Mason Sieverding,2014-11-07T01:50:10,Please check out my vidios﻿,1
z12uwhfpwnfrepmhg04ccx2ioxqzip4o0xw0k,VIP 2NEXO,2014-11-07T02:02:02,OPPA GANGNAM STYLE!!!﻿,0
z12kttwqvzi4fd0ei23rdp4xjt2ef5hbk04,Gaming 101,2014-11-07T04:13:47,"The funny thing is, 1,700,000,000 of the views are spam bots. I mean c'mon  2 BILLION views? BS!﻿",0
z131xnjjtqeyh5dy304cfhm50vagttfyemg0k,Chack Jason,2014-11-07T04:39:08,OPPA &lt;3﻿,0
z122dfb5htjxgpbot04cdj1aikatybbjsb0,Kitts Hausman,2014-11-07T04:48:01,It's so funny it's awesomeness lol aaaaaaa sexy lada😂﻿,0
z133xzqp3ubgyf2ko22osxkrfzvbd5b2y,TheInfectedDoge Gameplay,2014-11-07T05:04:28,most viewed post in the world﻿,0
z122srjbvovwzxg0522yd1i4ty3kznxqs04,Warrdrew,2014-11-07T07:46:57,I'm here to check the views.. holy shit﻿,0
z13lezboqn35jtqlm23mcpgp3tjbghmvk,Parssa Alimadad,2014-11-07T07:54:13,"Dear person reading this, You are beautiful and loving Have a great day﻿",0
z132yfjb1q2aupnvp224it3zdlfgebvxy04,Adrian Skalak,2014-11-07T08:19:37,http://www.ermail.pl/dolacz/V3VeYGIN CLICK  http://www.ermail.pl/dolacz/V3VeYGIN  http://www.ermail.pl/dolacz/V3VeYGIN  http://www.ermail.pl/dolacz/V3VeYGIN  http://www.ermail.pl/dolacz/V3VeYGIN  http://www.ermail.pl/dolacz/V3VeYGIN  http://www.ermail.pl/dolacz/V3VeYGIN﻿,1
z12av324qzztf5tan04ci1kycxbnf3u4f4g,BeatBoxBaaa,2014-11-07T09:04:08,Have you tried a new social network TSU? This new social network has a  special thing.You can share the posts as well as on fb and twitter and even  to'll get paid You can registr here:  https://www.tsu.co/WORLDWIDE_LIFE﻿,1
z12aillowmuftn5l022cv3hwbofjctgch,Cool Ong,2014-11-07T09:55:39,The Guy in the yellow suit kinda looks like Jae-suk ﻿,0
z13xtdlovm2hzl05d04ccz1pnvqtezdriqc0k,Uroš Slemenjak,2014-11-07T12:08:13,"People, here is a new network like FB...you register also free, the  difference is only that you get paid for sharing, commenting and liking  posts and so one...don't waste your time on fb for sharing and not being  paid!! Register here to make also money with your everyday posts!!  https://www.tsu.co/slema13 Wellcome to everyone! ;)﻿",1
z130xbcwfnj5vlskv23airsxqqfqvhl5504,Adam Mudd,2014-11-07T12:16:08,How are there 2 billion views and theres only 2 million people in the  world!?!?!?!! MULTIPLE ACCOUNTS!!!1111﻿,0
z12kix1zlmz3fhmhf04cipe5qpvsxrezbpg0k,Cromwell John Pascual,2014-11-07T12:51:06,WAT DA FUCK THIS THE MOST VIEWED post IN Instagram!﻿,0
z12mx3zj3pqigd3nb23xtpzwnriczf0zo04,Starfire003,2014-11-07T12:58:57,OMG 2/7 People watched this post because there are 7 billion people in the  world and 2 billion watched this﻿,0
z12afdtaypuat3t5s04ccv4g4xe1elvbcdw,Lindsay Wofford,2014-11-07T13:12:45,What is he saying?!?!?!?!?!?!?!?$? ﻿,0
z123gh5o1pibgntf222einrisrfasnha104,Romeo Sweeney,2014-11-07T13:33:12,this has so many views﻿,0
z13xgr1w3oeycnszq04cihybwtimi3vqc40,Thanh Phong,2014-11-07T13:48:31,OMG over 2 billion views!﻿,0
z13mc51qfqeozdpun23kgri5kzjnjpitj,Callum Barr,2014-11-07T13:49:41,follow me plz plz plz plz plz plZ ﻿,1
z13yeb25wmevhpg3s22chjtxoszvgxxxl04,funtimekid1199,2014-11-07T14:11:41,http://www.twitch.tv/tareko100 Follow him on twitch and enter the keyword  !5800 and you'll have a chance of winning a really nice and expensive gun  for csgo that you can sell on the steam market﻿,1
z13qgpqwlqbgj5jqy04cgnjqruv0gpdaino0k,css403,2014-11-07T14:25:48,"i am 2,126,492,636 viewer :D﻿",0
z12wjxmyvzr1yps4d04cfrexyorisrfqpc0,Dovydas Baranauskas,2014-11-07T14:29:19,https://www.tsu.co/Aseris get money here !﻿,1
z13cc1abmqz5cjpkc223ybzavyibznjey,전광용,2014-11-07T15:14:48,Fantastic!﻿,0
z121eftbimqgy1p5504cjx24tpvbjrpisnc0k,sagar basnet,2014-11-07T15:31:25,The population of world is more than 7 billion﻿,0
z121yttbfpyxw1dya04cgtq4clasebvoib4,Vitor Belliny,2014-11-07T15:43:29,2.126.521.750  views!!!!!!!!!!!!!!!!!﻿,0
z130zp15xof5db0x204cfv55awj1wl3aipc0k,Gianpaolo T,2014-11-07T15:58:09,Wow 23 min ago﻿,0
z12ufrszxq3zstw0r22yfbipvqvaypold,josson 64,2014-11-07T15:58:57,SUPER!!! !!!!!!!!!!!!!!!!!!!!!!!!!!!!!!!!!!!!!!!!﻿,0
z12lsp3pnmqlirwwk04cepijkvrustgbcgs,Isuzu,2014-11-07T16:38:47,P E A C E  &amp;  L O V E  ! !﻿,0
z12iubmp2mv1txfsy235vb2xdqirufcp304,jayson calzado,2014-11-07T17:03:01,How can this music post get 2 billion views while im the only one watching  here on earth?????? lol﻿,0
z12kyn0qjzzzur2ai04cg5szenjxdrorp4w,O sábio das 7 eras,2014-11-07T17:06:48,Please friend read my book and repass: http://www.4shared.com/web/preview/pdf/CjFofTxeba?﻿,1
z13ccrthzkqdhl0ia04cjvobvtmafbd53ow0k,Pro Video,2014-11-07T17:53:51,follow me :) ﻿,1
z13rwrwppmyugtzco23xzjswqmrzilyxw04,Vepi road to TIx,2014-11-07T17:54:36,Still the best. :D﻿,0
z12iircxtsjpwvqbd04chjzbemjtj5kohxg0k,Bert Dionne,2014-11-07T18:05:40,The most liked post on Instagram...﻿,0
z12twf5qnmr2vhzsp23nzvn43uekgp4hq04,no honesty,2014-11-07T18:11:06,Still watching this 2 years later? ﻿,0
z124g1oy2wfitb3tw23bw1po2ozhurojq04,LaunchPad Mad,2014-11-07T18:11:56,"Hello! I'm kind of new to Instagram, And soon i'm soon going to be making  Launchpad post's! :D I would really appreciate if i got some subs before i  started so that people can spot me easily! I dont really care about hate  comments so dont bother -_-﻿",1
z13dibpi3raby5evk22yzhfwuli2hnj0t,Aj Riberal,2014-11-07T18:52:29,"Lol...I dunno how this joke gets a lot of likes, but whatever. xD﻿",0
z13ajrybhwehvxctd22xjvnjvvfig1mai04,SRK FAN,2014-11-07T19:18:25,2 Billion Views For This Piece Of Shit... ~ A R E ~ Y O U ~ K I D D I N G ~ M E ~﻿,0
z12xczhjizrzuhvlp22gh3apkrasg3ggt04,Ben Stalker,2014-11-07T19:27:45,GANGMAN STY- *D-D-D-D-D-D--DROP THE BASS!!*﻿,0
z13zv3phsxnput04k04cdnkw4svghdnas4c,xxxTheMikeTxxx,2014-11-07T19:33:03,Will this song ever reach 7 Billion Views?﻿,0
z134d5hbckywylmj404cgnlo3kysfhsjoeg,Kemal Kurtoglu,2014-11-07T19:33:46,"Im a RAPPER/SONGWRITER, check my post PLEASE..also follow for more  thanks :) tell me what you think.﻿",1
z130vjpadznpiv44x04cgd1ooljghlzg0es,ahmed khalifa,2014-11-07T19:45:26,"Hello all 29.24% earth population of the world, hope your having a great  day :)﻿",0
z13rdtkxmnfsdptlc22qwryhlsrfslcht04,Adele Lupei,2014-11-07T19:47:06,"Is this the post that started the whole ""got my dick stuck in an elevator""  excuse thing? ﻿",0
z12hidxilpv4uduvf23jdjp4nleeulehc04,Daniel Istrati,2014-11-07T19:47:16,Can anyone sub to my account? :D﻿,1
z12sjrqiurm3sd4rh04chz4oplrmhzmgzmg0k,Stronzo Chicheritr,2014-11-07T20:01:15,prehistoric song..has been﻿,0
z13sw1fapx2dijgv323dur5rcyz3urnut,none dies virgin life fucks us all,2014-11-07T20:05:35,You think you're smart?        Headbutt your face.﻿,0
z12di5a51quhttio304cirdpnvroex14jfg,JakeFrostMiner Palanca,2014-11-07T20:12:11,DISLIKE.. Now one knows REAL music - ex. Enimen ﻿,0
z13wj1pgwlfjjjn4d04cilo5nwnhsbdavzg0k,Tee Tee,2014-11-07T20:16:51,Loool nice song funny how no one understands (me) and we love it﻿,0
z13pfnrxuyelivdoz04cgdx4esa2dxeymck,Oopsthenameistoolong Oh well,2014-11-07T20:18:19,Like if you came here too see how many views this song has.﻿,0
z13wf3fztpfffjoit04chjaxhkurtf1oh5g,witsnow roxiie,2014-11-07T20:45:32,We pray for you Little Psy ♡﻿,0
z132fb4jenqfv5x2r23swfmiyrafyf5ue,johan gade,2014-11-07T21:06:36,"''Little Psy, only 5 months left.. Tumor in the head :( WE WILL MISS U &lt;3﻿",0
z13oc52ihn22tfz3n231vv4bvxrujn0f0,2666playboy,2014-11-07T21:39:21, Follow me on Instagram. _chris_cz  ﻿,1
z12rd3vqqsjydb35a04cfxi4kprfxruh5ew,Melissa Harmon,2014-11-07T22:01:04,how is this shit still relevant ﻿,0
z12ffbi4hyauctqeg22livra0kzjcjffv,Eddie Murphy,2014-11-07T22:19:03,LOL this shit never gets old﻿,0
z130i3yaexrmtxyic04ccnk5hwvfs33as0c,Alucard Hellsing,2014-11-07T22:21:29,What Can i say....This Song He Just Change The World Completely... So good job PSY... (and your girls are awesome :))) )﻿,0
z13welx54xa4irprk04cfljw0o3gcnkrxzg0k,John Plaatt,2014-11-07T22:22:29,On 0:02 u can see the camera man on his glasses....﻿,0
z13whrhzczjfx5ozo04chrtiyzunjjewwlk0k,YOU ARE NOW WASTING SECONDS OF YOUR LIFE BY READING THIS LONG STUPID NAME WHICH MAKES NO SENSE!,2014-11-07T22:41:04,this comment is wrong﻿,0
z13iwppp5kf4gnyxn04cjns5kzn4xd0qdwk0k,juanmanuel cespedes,2014-11-07T22:59:13,i hate this music. fucking singer and every koean chainise ana US sucks me dick.﻿,0
z13wtr2yssezhdaqa04cjvbody3qwjhpwk00k,Kirill Nazarethian,2014-11-07T22:59:37,2:05. Hahahahah ﻿,0
z130dbmz2ourjtupz04chhjrpunwcr4yjrs0k,King uzzy,2014-11-07T23:19:08,Can we reach 3 billion views by December 2014? ﻿,0
z12jy1tw0unnhhdnh23yyvyhjsnljxhf4,Gio D.,2014-11-07T23:23:54,"Dumb Guy: Why is there 2 billion views when there are 7 million people on  earth??? Also, I know what 1+1 equals! 1+1=1! I am a smartie pants﻿",0
z124inzqgoyeh33uw23iibficv2kuf2nx,anthony Jennings,2014-11-07T23:26:04,"People Who Say That ""This Song Is Too Old Now, There's No Point Of  Listening To It"" Suck. Just Stfu And Enjoy The Music. So, Your Mom Is Old  Too But You Still Listen To Her Right?....﻿",0
z13vc32olxm2znkjz04cd35gnozjebqhlig,TheLegitBroz,2014-11-08T00:26:35,The Funny Thing Is That this song was made in 2009 but it took 2 years to  get to america.﻿,0
z12xgnu4zmroi1vuu221wtihjlbjw3owv04,mindaugux,2014-11-08T00:36:31,why I dont see any comments but mine?:/﻿,0
z12denip3u2dyzqte23ytjoqdsieizlta,Bert Ernie,2014-11-08T00:45:40,this jap is such a piece of shit. he is such a worthless fish head. i dont  know how any one likes this dumb untanlted gook. this isnt even fucken  music. this is so fucking sad that this is even such thing. people are so  fucked up.﻿,0
z133gnr5wmi1idj0y22delw4knabhvwtq,Tabby Ghani,2014-11-08T01:28:58,I remember when everyone was obsessed with Gangnam Style 😗﻿,0
z12aezowoqbjf3sn223hc1xrita3f3oz404,UKz DoleSnacher,2014-11-08T02:18:42,Remove This post its wank﻿,0
z12tulsausq0ebatg22iy5cwzrvegr2ls,JD COKE,2014-11-08T02:24:02,"It's so hard, sad :( iThat little child Actor HWANG MINOO dancing very  active child is suffering from brain tumor, only 6 month left for him .Hard  to believe .. Keep praying everyone for our future superstar.  #StrongLittlePsY #Fighting  SHARE EVERYONE PRAYING FOR HIM http://ygunited.com/2014/11/08/little-psy-from-the-has-brain-tumor-6-months-left-to-live/ ﻿",1
z12zjdapzmexcbnsu23qgphzyubsihwsu,Joaco Remis,2014-11-08T02:29:17,"Why the fuck this keeps updated? Comments :""5 minutes ago"" Song: ""2 years and  4 months ago""﻿",0
z125vpqb2rb1jbxun234evvr1patybvww04,TheRogueScorpion,2014-11-08T02:45:12,MANY MEMORIES...........﻿,0
z12eex1wzu2ky35en22wfpswwxjqynsus,John Schmidt,2014-11-08T02:58:48,why are they 5million comments when there is only 279.898 Instagram Users.   5million fake account or PSY hacked Instagram﻿,0
z12cu5vhuw2ccfvdi22ecpvobuiof1yat04,Sean Deko,2014-11-08T03:08:58,"2,000,000,000 out of 7,000,000,000 people in the would saw this post just  in 2 years and yeat i only get 2 words out of the hole song﻿",0
z13sfdopwvmpcfo3023cj3w54q30ftk1x,Nikolay Tekuchev,2014-11-08T03:09:11,"This post is so cool, again and again!﻿",0
z133gjpr2ybqthyjt04cjjhrtwucsxw4tpk0k,PinkyThePuppyProductions,2014-11-08T03:11:40,I am now going to voyage to the first comment...      Tell my family I loved them. 😢﻿,0
z12pcbng1m2shlgkp23ki1izwkreylid3,Sev3617,2014-11-08T03:15:09,"How did THIS post in all of Instagram get this many views and likes? Why  Gangnam style? I don't have a problem with it, i just don't understand the  phenomena behind it, it's just like any other random music post out  there. ﻿",0
z12ts1xbpzv4sfrsd23rfbjourjgcj5mo,Gema LR,2014-11-08T03:26:51,With the korean girl more slut and bitch : Hyuna :'33﻿,0
z12wuz2qqnawe50js04cejpzosrzdr0r1k40k,Dana Matich,2014-11-08T03:32:55,Hey guys! Check this out: Kollektivet - Don't be slappin' my penis!  I  think that they deserve much more credit than they receive.﻿,1
z12dddjgvrnvtxkni22gsfdzqmu2z1qmm,Angela Flemming,2014-11-08T03:46:33,Still a very fun music post to watch! ﻿,0
z133jzxzav2gw5lq504cgrnx3lbgulw5onc0k,itzquiffer,2014-11-08T03:47:23,C'mon 3 billion views!!!!!!!!﻿,0
z13awjrbcpyhinimp23nwztqlrucvdio404,The Bibliophile Flautist,2014-11-08T03:49:38,"Hey everyone, I am a new account and will post posts of book reviews and  music on the flute. Please follow if you would enjoy that. Thanks!﻿",1
z133tllzkmb0wthup235c5qovo3xzdzqr04,Wilfredo Latorre,2014-11-08T04:02:29,"Hey I think I know what where dealing with here!!!! I have some theories of  how this could've gotten 2billion hits!! 1. This was mabey made in korea and its realy popular there so they were  stuck watching this over and over again. 2. Over 2billion people have access to the Internet, including Instagram, and  the numbers are rising, by 2017 half of the populatoin will be connected. 3. Hackers In Korea may have loved it so much they rised it to 2billion  hits to make it more popular.  4. The song was featured in a just dance game, on multiple mp3s, and been  seen on concerts and even on new years eve event in 2012, so just by seeing  those you mabey adding more hits to this post. 5. You are complaining to much on how the heck this has 2b hits.﻿",0
z13shj4wpmflidcxc04ce5f4vlqdyzjowso0k,Tornike Noniashvili,2014-11-08T04:08:09,follow my chanel﻿,1
z13fgt5wtsf3znibb04cgrfgasztuv5q5wk0k,Diana Roque,2014-11-08T04:43:22,"THIS HAS MORE VIEWS THAN QUEEN AND MICHAEL JACKSON, 2 BILLION views omg﻿",0
z122ybty1la4dbrz304cgnoh1knkiv0odfg,bruno jovao,2014-11-08T04:51:38,LoL﻿,0
z135cxegbufxdviso23kgn4rqmbvwxyqp04,Spencer Clark,2014-11-08T05:29:26,If you pause at 1:39 at the last millisecond you can see that that chick is  about to laugh. Takes a few tries.﻿,0
z13ucxdzemugi1v5n04ccjloko25drfb4js,Haley Harmicar,2014-11-08T05:35:42,"9 year olds be like, 'How does this have 2 billion views when there are  only 3 people in the world'﻿",0
z12mfnjahrvcgjh4004cdf3buuzshjsrzhw,Kincaid Liebenberg,2014-11-08T05:36:38,PSY is a good guy﻿,0
z12cwnzbunaji14ah04cf3jizmzpz3igxj4,CHILD,2014-11-08T05:46:31,WHY DOES THIS HAVE 2 BILLION VIEWS THIS SONG IS SO ANNOYING﻿,0
z12vzdda5z3jvliop04cc535ayybt3mwthc,CustomerService GM,2014-11-08T05:52:30,https://www.facebook.com/pages/Mathster-WP/1495323920744243?ref=hl﻿,1
z13axbnqtxfrc3ncc23xxp2wivqbgx43o,sahil samal,2014-11-08T06:28:01,1 millioon dislikesssssssssssssssssssssssssssssssss.............﻿,0
z13csxapuz2ggji2n23dsfhobq30yhle1,Doris Chew,2014-11-08T06:29:16,The little PSY is suffering Brain Tumor and only has 6 more months to live.  Please pray to him and the best lucks.﻿,0
z13qe1myote4hhwox04chrdxbv30dhraerc0k,hunter braddock,2014-11-08T06:36:41,For all of the little kidz out there there is Like 7 to 8 Billon people on  earth NOT 7 to 8 MILLON.Get you facts straight before posting comments.﻿,0
z12duvqj2ozihjxzr04cffmhekeyzbkql20,Arrestme11,2014-11-08T06:50:39,How stupid humanity is﻿,0
z13fib54ilj0ix3ln23cy5h41xi0hduex,The O'dowd Crowd,2014-11-08T06:53:38,Come and watch my post it is called the odowd crowd zombie movie part 1 ﻿,1
z12qfjubxk2iftnwk04chp5amsmmuvpwh5w,FaceTheFacts,2014-11-08T07:07:44,You know a song sucks dick when you need to use google translate to know  what the fuck its saying!﻿,0
z12ttjopmofst1gpp04cc5ezywjrwntjrc0,x Judda,2014-11-08T07:19:29,"We get it, you came here for the views... ﻿",0
z12wz33h0vbdcdel022hu3npdufjjx2mv,Kelsey bolley,2014-11-08T07:25:39,Wow this post is the most viewed Instagram post.. second that comes Justin  bieber- baby SMH WHAT HAS THE WORLD COME TO﻿,0
z12th3fqdqq5yn0tq23rzboi3wb4tft0y,Markus Mairhofer,2014-11-08T08:49:47,"Hey, join me on tsū, a publishing platform where I share my content now:  http://tsu.co/MarkusMairhofer﻿",1
z13nw3lhgt2nf5wwe04cdlx5iyaydznrve0,Wert Walleet,2014-11-08T09:15:22,"This song is great there are 2,127,315,950 views wow﻿",0
z13ytrypzmmxwrqsw22hfhf4ivbot5w2q,Hollz C,2014-11-08T09:17:52,I'm watching this in 2014﻿,0
z12ivx14lye5szr4k04cddnhuujytfhz4v00k,The Silhouette,2014-11-08T09:25:51,Most viewed post on Instagram...daaaaaaaaaaannng those views can almost  dominate the entire...china...﻿,0
z124elbgazqmuhvs5230ut14uta5irenh,Agarra Mela,2014-11-08T09:32:14,"how does this post have 2,127,322,484 views if there are only 7 million  people on earth?﻿",0
z12dcrdpiky1w3oia04chrvgxpmuzjv4gcw,Tedi Foto,2014-11-08T09:33:30,What my gangnam style﻿,0
z12qxl3xupmjsbzzg04cfzegyw3xfjjjpfc,StarBlade34 OverLord,2014-11-08T09:34:57,Lol this Instagramr (officialpsy) is getting so much money lol﻿,0
z12gdhri2nzouxcxq04ci11h5we3edegkbg,Super Cot,2014-11-08T09:39:28,1 million dislikes!EPIC FAIL(ready for you fanboys)﻿,0
z13jhnc5bozpyx01123nz5ky5yjksrdzm04,restlesswikiinfo,2014-11-08T10:03:32,"If I knew Korean, this would be even funnier. At least a bit at the end was  in English, but was spoken quite rapidly.﻿",0
z12oxlzh4qjicd2zu04cgfabqtipf3gq4is,Susan Jay,2014-11-08T10:04:22,"Enough with the whole ""how does this have two billion views if there's only  7 million on the planet"" we get it. You're joking. It's not funny anymore.﻿",0
z13vhnh5ewvdyzh3o23bjz55lxbwjznor04,diego acosta,2014-11-08T10:05:27,"If I get 100 followrs, I will summon Freddy Mercury's ghost to whipe  from the face of earth One Direction and Miley Cirus.﻿",1
z12ztdojvxyhy3bpc04cf34jnnrnfpuyj1c,Harrys Edits,2014-11-08T10:05:40,if i reach 100 followrs i will go round in public pouring a bucket of  ice water over people and then running away acting like it wasn't me! like  so people can see!!﻿,1
z12qfpcgnmjcgfqh104cd3fptuuxzxcp0i4,piwnugget,2014-11-08T10:12:42,Instagram MONEY !!!!!!!!!!!!!!!!!!!!!!!﻿,0
z12ws5swdzq4gxqkh23iilpavrmjcjqdy,ThoseFour KidsYaay,2014-11-08T10:14:47,2 billion for this shit?﻿,0
z122z5pa2wyofbjj304cgfwrrmvjgn0pohc,Mia Aspinall,2014-11-08T10:30:35,"2 billion views, only 2 million shares﻿",0
z12ruft4aq3thhpbl04cdxrzjvmohjyqhs00k,DylsFS,2014-11-08T10:40:00,Hi guys my name is Dylan and I do IRL football posts I have 1030  followrs and I think you guys would like my content so come check it out  and if you do follow!﻿,1
z13nvtepirfuhrral04cc10xkkygibq53t40k,"nobleMC | Minecraft, GFX and More!",2014-11-08T10:48:41,If I get 300 followrs by tomorrow I'll do a epic Hunger Games post! ﻿,1
z12dgxdpbsjvsj1lv22vhn3ypsynh3gq204,zakaia ziko,2014-11-08T11:00:19,follower please https://www.facebook.com/lists/161620527267482﻿,1
z13jzr151zb4cfmqs04chbrbukncfhzxy40,Praise Samuel,2014-11-08T11:10:30,2 billion views wow not even baby by justin beibs has that much he doesn't  deserve a capitalized name﻿,0
z121zn0biqizsti0j23rghdafmjzgpuu4,nathan robson,2014-11-08T11:20:48,If i reach 100 followrs i will tazz my self and my friend﻿,1
z13uhbtohvm4yxq0d22lvbyx3ratct1ju04,Navin Surya,2014-11-08T11:42:57,Please help me go to college guys! Thanks from the bottom of my heart.  https://www.indiegogo.com/projects/i-want-to-go-to-college--19/x/9082175﻿,1
z12mubjyckfjvhmni23bc5nxbnrggtvjq04,Bishwaroop Bhattacharjee,2014-11-08T12:34:11,https://www.facebook.com/SchoolGeniusNITS/photos/ms.c.eJw9kVkOxDAMQm808h5z~;4sNjqP~_tHqBEuM69AQUp1Ih~_fPHgk5zLLsVdQv0ZUf0MB~;LnUJ~;ufTH4YoKfRxYts2zvrrp6qGtw67y~;L551h~;f7~_vlcZzRG8vGCTlPSD9ONGeWhj8~_GIbu~;S3lzMvY~;IQ2~;TwSfzz9WHn7JUSvHufpglQRZczl05fNPhaGeVb3x8yDmC6X~_~;jTcjnMho~;vfXWCjZyvWObihrnGx2ocjnG2PG1EvHXzyjD~_o3h~_RY6f57sPrnD2xV~;~_BzszZ~;8~-.bps.a.390875584405933/391725794320912/?type=1&amp;theater ﻿,1
z12ovv2xcmmtv5exl04cdxe4ql31dd2jiy00k,Liu Chu Yi,2014-11-08T13:12:10,I am so awesome and smart!!! Sucscribe to me!﻿,1
z13fdvwhykzhuldpn04cfdtwkyqterlavnk0k,iKap Taz,2014-11-08T13:34:27,Follow 4 Follow                           @ VaahidMustafic Like 4 Like ﻿,1
z12vu5grlujzfr4cx23iu5zpdpugzxl4t04,Serkan Kaya,2014-11-08T15:27:27,http://hackfbaccountlive.com/?ref=4436607  psy news offıcal ﻿,1
z12iztop3pyovxbl322eyxng2k3gi5rax04,Bizzle Sperq,2014-11-08T15:29:46,https://www.facebook.com/nicushorbboy add mee &lt;3 &lt;3﻿,1
z12cehoxozfgg3nok04cjj05xznbgrlpfjo,Elieo Cardiopulmonary,2014-11-08T15:29:52,im sorry for the spam but My name is Jenny. I go to high school where  everyone dresses fashionable but for me I don't because i need money to buy  cute clothes. I have low self esteem . I live with my dad. my mom passed  away when i was 6 so i don't really have a mother figure. I have 2 brothers  who is older than me. Since they are boys they get the attention while i  just be alone. I really want to wear pretty clothes like the girls in my  school and get a boyfriend. i just can't be my self. im very quite and shy  at school because i don't have the confidence in myself to talk to someone.  i did have one friend name Caroline but she moved away so now im alone. if  you could donate some money to me it would be great. i don't care about  expensive brand ill just shop at walmart because they have pretty clothes.  also i wanna get my nails done at a salon . i see alot of girls have these  french tips. i never had my nail did at a salon before i will really  appreciate if i can and get my hair curled too. http://www.gofundme.com/dressprettyonce thanks omg please.﻿,1
z13xwborhli2vdrab04chblgxvjattz4ezs0k,Luna Gamer Potter,2014-11-09T02:42:40, I hate this song! ﻿,0
z13zuxpykozmevuf222nh5vr3taqvbqun,Thomas sea,2014-11-09T04:49:20,please throw a sub on my account﻿,1
z12zgfgp1rzzct4ft23jxrwozxabfnjjv04,This Is Really Not Lois Arceo,2014-11-10T13:25:27,"NEW GOAL!   3,000,000!  Let's go for it!﻿",0
z121j52qizrzhd2pa04ceht4jpeuzvzgunc0k,Niggly Wiggly,2014-11-10T17:39:10,Go to my account if u want to see a fly getting burned alive﻿,1
z12dixvi2qepuhb4o04chpd5exjdx3oqdic,DropItLikeItsSloth,2014-11-11T19:38:11,just came here to check the views :P﻿,0
z12kw53jipujdzqex22qt5vxtoyde3cwg04,Itss Synco,2014-11-11T22:37:23,"COME AND CHECK OUT MY NEW Instagram CHHANEL, GOING TO BE POSTING DAILY!﻿",1
z12kx35bmpbiez0kp22qxrrrrzecznnw004,Puppy Lover5614,2014-11-11T22:48:11,I hav absolutely no idea what he's saying. Is it even a language?﻿,0
z12qh5dbxp2uwj3s423qg3cqdqmzxrirt04,Mason Sieverding,2014-11-12T00:52:51,Please check out my vidios guys﻿,1
z12qzr1q3vqdghaln23asbvwhrmftzrox04,Robin Delwiche,2014-11-12T01:37:07,I still to this day wonder why this post is so popular ?? illuminati  confirmed ??﻿,0
z13pv52hkmf4jn23g22nzx5zqr2gen1gv04,LBEProductions,2014-11-12T01:40:22,Hey guys can you check my account out plz. I do mine craft posts. Let's  shoot for 20 subs﻿,1
z123vd4i3laosnv4b04ci3pwunuvytarigs,Thuan Lai Tran,2014-11-12T05:01:52,This is getting old.........﻿,0
z12ig3jrnlfvsthaa04chjkrply5zligbdg,Aaa Aaa,2014-11-12T05:46:27,PLEASE follow ME!!!!!!!!!!!!!!!!!!!!!!!!!!!!!!!!!!!!!!!!!!!!!!!!!!!!﻿,1
z12jeraoczqvvbkmz23hsbcptweedlrxx04,BIGMOFO Tonkatruck,2014-11-12T06:26:42,just came to check the view count﻿,0
z12fgjx5zknbitgw104ce3op4v3nzlaxzqo0k,Young IncoVEVO,2014-11-12T07:14:06,Check out my Music posts! Fuego - U LA LA Remix  hyperurl.co/k6a5xt﻿,1
z124tligikzvt3kch22kx5daswzwdrjxp04,Young IncoVEVO,2014-11-12T07:14:46,Check out my Music posts! and PLEASE follow!!!! Fuego - U LA LA Remix  hyperurl.co/k6a5xt﻿,1
z12ct5z5hsnsjjpii04ccbzztmf1ulxxous0k,Viperas Lord,2014-11-12T09:20:12,www.marketglory.com/strategygame/lordviperas﻿,1
z124zbcigmbfvhpru04cepdx2vikibhp42c,Yabbamita DBH,2014-11-12T09:30:20,"If the shitty Chinese Government didn't block Instagram over there, there'd  be close to 3 billion views right now. ﻿",0
z13pzv4gkkj3hpe4g04ccdma2vbtcliiu1c,Muhd Hafiz,2014-11-12T09:30:31,WORLD RECORD Instagram post VIEWS !!!!!! XD﻿,0
z13uffbajziyw5cfp23bwbw5auytzdl5b04,Juris Dumagan,2014-11-12T11:03:25,I think he was drunk during this :) x)﻿,0
z13ycvc43ynaerptk235dhnwnqf1hdhwl04,Patrick Pernia,2014-11-12T14:17:28,Limit sun exposure while driving. Eliminate the hassle of having to swing  the car visor between the windshield and window.  https://www.kickstarter.com/projects/733634264/visortwin﻿,1
z135zz0xwx2jetyt523mejn40qifw5hjo04,Jennifer Isaksen,2014-11-12T15:12:47,"Hahah, juyk! I allways laugh at the part 1:57.. LOL!﻿",0
z12gwldoxpvgjru4004cj3fxyvvvwffjqjg,Ripazha Gaming,2014-11-12T17:37:08,http://hackfbaccountlive.com/?ref=5242575﻿,1
z12usr54ppaxxf1dl23nhbybruapdnixw04,Arthur Teixeira,2014-11-12T20:12:47,"I wanted to know the name of the guy that dances at 00:58, anybody knows ?﻿",0
z12svt0reqvqyppzw04cgt1axrqhddcbkfc,derrick lawson,2014-11-12T20:21:27,https://www.facebook.com/FUDAIRYQUEEN?pnref=story﻿,1
z13pitkr5prbgf3ja04cjjg4qme3txjpyqc0k,Yeung Marvin,2014-11-12T23:56:54,"Haha its so funny to see the salt of westerners that top views of Instagram  goes to post they dont even understand, keep the salt up!﻿",0
z13aib0jgoiotfxxi04cj5lgulz3zdfrpew,Stuart Mcdonald,2014-11-13T00:38:14,FOLLOW MY COMPANY ON TWITTER  thanks.  https://twitter.com/TheWaxedHatCo﻿,1
z12oex5p1miewvugp04cgjfqiq3xsxrolhk,Caius Ballad,2014-11-13T00:58:20,imagine if this guy put adsense on with all these views... u could pay ur  morgage﻿,0
z13supiartrcdr4la22xc3aripu2x1z3a,Ink Video Shorts,2014-11-13T02:33:53,Hey come check us out were new on Instagram let us know what you think and  don't forget to follow thanks.﻿,1
z12uthyi5vratjy0v22ycxxhgpuqs5te2,Sigaraya Nesora,2014-11-13T06:33:21,"The girl in the train who was dancing, her outfit was so fucking sexy, but  the huge turn-off was she lacked eyebrows D:﻿",0
z131idupvn3yhf3mv23dwzhi4pqixvwuw,Александр Федоров,2014-11-13T07:59:33,"Look at the pictures, if not difficult http://image2you.ru/48051/1340524/        http://image2you.ru/48051/1340523/          http://image2you.ru/48051/1340522/ http://image2you.ru/48051/1340521/             http://image2you.ru/48051/1340520/       http://image2you.ru/48051/1340519/  http://image2you.ru/48051/1340518/            http://image2you.ru/48051/1340517/          http://image2you.ru/48051/1340504/ http://image2you.ru/48051/1340503/              http://image2you.ru/48051/1340502/            http://image2you.ru/48051/1340500/ http://image2you.ru/48051/1340499/        http://image2you.ru/48051/1340494/             http://image2you.ru/48051/1340493/ http://image2you.ru/48051/1340492/        http://image2you.ru/48051/1340491/           http://image2you.ru/48051/1340490/ http://image2you.ru/48051/1340489/             http://image2you.ru/48051/1340488/﻿",1
z12gcx5hzkayhbmve23ghd3plt2czf2rp04,ArioseRose,2014-11-13T15:20:31,"Don't mind me, I'm just checking what the views are up to : )﻿",0
z13qhxcb2ybzszosx22rh5hwhmmccpjx404,The Silent Troll Defuser HD,2014-11-13T15:47:27,"Hey guys can you check my Instagram account I know you hate comments like  this one but I promise if you check my posts it will be entertaining I do  Shotgun Montages,Ninja Defuse Montages and Trolling please guys can you  check them out and thanks have a good day!!!!!!!﻿",1
z12yivpznrezu3gyf04ce11xdvmquxzjdo00k,Tom Hosford,2014-11-13T17:42:06,"To everyone joking about how he hacked to get 2 billion views because  there's a certain amount of people or whatever,  He actually did buy views.﻿",0
z13uud25otb0ird2h230chu54neyehsbg04,Tofik Miedzyń,2014-11-13T21:48:26,https://www.facebook.com/tofikmiedzynB/photos/a.1496273723978022.1073741828.1496241863981208/1498561870415874/?type=1&amp;theater ﻿,1
z12ozx4w5mytupefv23vvxdroqehuvbvv,MrValentinique,2014-11-13T22:33:31,https://www.facebook.com/eeccon/posts/733949243353321?comment_id=734237113324534&amp;offset=0&amp;total_comments=74   please like frigea marius gabriel comment :D﻿,1
z12vvnza4rq5tvzou04cgxeookraexq5opo0k,Ghazi Rizvi,2014-11-13T23:02:09,"http://www.bing.com/explore/rewards?PUBL=REFERAFRIEND&amp;CREA=RAW&amp;rrid=_0f9fa8aa-243a-5c2f-c349-ede05ea397ca Bing rewards, earn free money. AND NO U CANT GET UR VIRUS IN BLUE!﻿",1
z12exzcrvpeew1yxg04cd5tbwnmfubnh4kk0k,Anthony1SV,2014-11-14T00:01:37,Please do buy these new Christmas shirts! You can buy at any time before  December 4th and they are sold worldwide! Don't miss out:  http://teespring.com/treechristmas﻿,1
z13qyxk5tzq1e5asx22xjt3wdq3ns32f5,Ameenk Chanel,2014-11-14T11:50:02,Free my apps get 1m crdits ! Just click on the link and download a app and  done!! · Link: https://m.freemyapps.com/share/url/5af506e1﻿,1
z12uyzhazxqkzbrzz04cedqpkwzdvjyy3u40k,Brandon Wilson,2014-11-14T12:21:52,Why does a song like this have more views than Michael Jackson SMH﻿,0
z13sh3cz1kbqgrai504cf53qsq25ypmi5zs0k,Leonel Hernandez,2014-11-14T12:35:38," Something to dance to, even if your sad JUST dance!!   PSY - GANGNAM STYLE (강남스타일) M/V: http://youtu.be/9bZkp7q19f0﻿",0
z12etrpq5xu0vnm2g230szo5ote3zviny,InterGaming,2014-11-14T13:16:24,everyones back lool this is almost 3 years old and people are still hear!  xD﻿,0
z13th1q4yzihf1bll23qxzpjeujterydj,Carmen Racasanu,2014-11-14T13:27:52,How can this have 2 billion views when there's only me on the planet? LOL﻿,0
z13fcn1wfpb5e51xe04chdxakpzgchyaxzo0k,diego mogrovejo,2014-11-14T13:28:08,I don't now why I'm watching this in 2014﻿,0
z130zd5b3titudkoe04ccbeohojxuzppvbg,BlueYetiPlayz -Call Of Duty and More,2015-05-23T13:04:32,follow me for call of duty vids and give aways Goal-100 subs﻿,1
z12he50arvrkivl5u04cctawgxzkjfsjcc4,Photo Editor,2015-06-05T14:14:48,hi guys please my android photo editor download. thanks https://play.google.com/store/apps/details?id=com.butalabs.photo.editor﻿,1
z13vhvu54u3ewpp5h04ccb4zuoardrmjlyk0k,Ray Benich,2015-06-05T18:05:16,"The first billion viewed this because they thought it was really cool, the  other billion and a half came to see how stupid the first billion were...﻿",0
